order_id,order_date,customer_id,region,product,category,quantity,amount_cents
1,2026-01-04,1062,us-east,toolkit-deluxe,tools,3,65994
2,2026-04-05,1022,us-west,widget-pro,widgets,5,39995
3,2026-01-05,1055,ap-south,toolkit,tools,1,3999
4,2026-03-13,1107,us-east,widget-pro,widgets,5,44995
5,2026-03-17,1194,ap-south,widget-pro,widgets,1,9999
6,2026-02-13,1055,ap-south,widget-pro,widgets,2,19998
7,2026-01-12,1091,us-east,gadget-mini,gadgets,1,1499
8,2026-04-14,1137,eu-west,gadget-mini,gadgets,4,4796
9,2026-01-11,1160,ap-south,widget-basic,widgets,3,5997
10,2026-03-15,1011,eu-west,toolkit,tools,1,4499
11,2026-04-09,1059,us-west,toolkit-deluxe,tools,1,19999
12,2026-02-05,1041,ap-south,widget-basic,widgets,3,5997
13,2026-01-27,1179,eu-west,gadget-mini,gadgets,3,4944
14,2026-03-19,1136,us-east,toolkit-deluxe,tools,2,43996
15,2026-01-21,1069,us-west,toolkit-deluxe,tools,4,79996
16,2026-03-29,1058,us-west,toolkit-deluxe,tools,1,19999
17,2026-02-21,1054,eu-west,widget-basic,widgets,1,1999
18,2026-01-28,1101,eu-west,toolkit,tools,4,21992
19,2026-01-19,1063,ap-south,toolkit-deluxe,tools,2,39998
20,2026-04-06,1149,eu-west,toolkit-deluxe,tools,4,79996
21,2026-01-29,1126,eu-west,gadget-pro,gadgets,5,58495
22,2026-04-21,1160,us-east,widget-basic,widgets,2,3198
23,2026-03-18,1097,ap-south,widget-pro,widgets,4,31996
24,2026-03-09,1002,ap-south,toolkit,tools,5,24995
25,2026-03-29,1196,us-east,toolkit-deluxe,tools,3,59997
26,2026-01-15,1040,eu-west,toolkit-deluxe,tools,4,79996
27,2026-04-03,1128,us-east,gadget-pro,gadgets,3,42894
28,2026-04-22,1163,us-east,widget-pro,widgets,3,32994
29,2026-01-20,1138,us-west,toolkit,tools,2,9998
30,2026-03-18,1004,us-east,toolkit,tools,4,19996
31,2026-04-23,1061,eu-west,widget-basic,widgets,3,7194
32,2026-04-23,1021,us-west,widget-basic,widgets,1,1999
33,2026-04-15,1196,ap-south,toolkit-deluxe,tools,5,79995
34,2026-03-26,1042,us-west,widget-pro,widgets,5,49995
35,2026-01-28,1182,ap-south,gadget-mini,gadgets,2,2998
36,2026-03-27,1112,ap-south,gadget-mini,gadgets,3,4944
37,2026-01-16,1016,ap-south,toolkit,tools,2,8998
38,2026-03-17,1150,us-east,gadget-mini,gadgets,2,2998
39,2026-01-10,1058,us-east,widget-pro,widgets,1,10998
40,2026-04-21,1131,us-east,widget-basic,widgets,1,1999
41,2026-03-27,1138,eu-west,widget-pro,widgets,2,19998
42,2026-02-01,1104,ap-south,widget-pro,widgets,4,47992
43,2026-01-13,1090,us-east,widget-pro,widgets,4,43992
44,2026-03-01,1172,ap-south,gadget-pro,gadgets,1,15598
45,2026-01-08,1027,us-east,toolkit-deluxe,tools,3,59997
46,2026-01-25,1035,us-west,widget-pro,widgets,4,39996
47,2026-02-05,1019,us-west,gadget-pro,gadgets,2,25998
48,2026-01-07,1003,us-east,gadget-pro,gadgets,5,71490
49,2026-01-22,1123,us-west,widget-basic,widgets,4,7996
50,2026-04-26,1097,ap-south,widget-pro,widgets,2,15998
51,2026-02-03,1073,ap-south,widget-basic,widgets,4,9592
52,2026-01-20,1055,ap-south,gadget-pro,gadgets,3,35097
53,2026-04-06,1012,us-east,widget-basic,widgets,1,1999
54,2026-03-06,1040,ap-south,toolkit,tools,5,29990
55,2026-04-19,1152,us-east,widget-basic,widgets,1,1799
56,2026-02-21,1063,us-west,widget-basic,widgets,5,7995
57,2026-03-21,1168,us-east,toolkit,tools,4,15996
58,2026-04-30,1171,eu-west,toolkit,tools,2,9998
59,2026-01-31,1033,eu-west,toolkit-deluxe,tools,4,79996
60,2026-02-28,1002,eu-west,toolkit-deluxe,tools,1,19999
61,2026-01-10,1129,us-east,gadget-pro,gadgets,2,25998
62,2026-04-30,1062,us-west,gadget-mini,gadgets,1,1499
63,2026-01-21,1180,eu-west,gadget-mini,gadgets,5,7495
64,2026-03-27,1076,us-east,gadget-mini,gadgets,5,8990
65,2026-04-23,1029,us-east,toolkit-deluxe,tools,3,53997
66,2026-02-04,1053,us-west,widget-basic,widgets,5,9995
67,2026-01-27,1129,eu-west,toolkit-deluxe,tools,3,65994
68,2026-04-26,1023,eu-west,gadget-pro,gadgets,1,15598
69,2026-04-17,1000,ap-south,toolkit-deluxe,tools,1,19999
70,2026-03-23,1189,us-west,gadget-mini,gadgets,2,2998
71,2026-03-13,1019,ap-south,gadget-pro,gadgets,1,10399
72,2026-03-11,1149,us-west,toolkit-deluxe,tools,3,47997
73,2026-02-25,1078,us-west,toolkit,tools,1,4499
74,2026-04-26,1174,us-east,gadget-mini,gadgets,2,2998
75,2026-02-15,1104,us-east,widget-pro,widgets,5,59990
76,2026-04-29,1045,us-west,toolkit,tools,2,8998
77,2026-01-23,1105,us-east,gadget-pro,gadgets,3,42894
78,2026-02-04,1097,us-west,toolkit-deluxe,tools,1,17999
79,2026-01-29,1089,ap-south,widget-basic,widgets,4,7196
80,2026-01-29,1102,us-west,gadget-mini,gadgets,2,2398
81,2026-04-21,1089,eu-west,gadget-mini,gadgets,3,3597
82,2026-03-28,1084,ap-south,toolkit-deluxe,tools,5,119990
83,2026-04-23,1148,us-east,widget-basic,widgets,2,3998
84,2026-01-14,1088,us-east,gadget-mini,gadgets,4,5996
85,2026-02-25,1029,eu-west,toolkit-deluxe,tools,5,99995
86,2026-02-02,1000,us-west,gadget-pro,gadgets,4,41596
87,2026-02-16,1170,us-west,toolkit,tools,1,4999
88,2026-03-26,1184,eu-west,gadget-mini,gadgets,1,1798
89,2026-03-27,1103,eu-west,gadget-mini,gadgets,3,4497
90,2026-03-12,1107,eu-west,toolkit-deluxe,tools,2,35998
91,2026-03-28,1157,ap-south,toolkit-deluxe,tools,2,43996
92,2026-02-21,1077,eu-west,toolkit,tools,1,4999
93,2026-02-25,1155,us-west,gadget-mini,gadgets,5,8990
94,2026-03-01,1172,eu-west,toolkit-deluxe,tools,4,79996
95,2026-04-12,1168,ap-south,widget-pro,widgets,2,23996
96,2026-03-07,1085,eu-west,widget-basic,widgets,5,10990
97,2026-03-28,1050,us-west,widget-basic,widgets,2,3998
98,2026-01-06,1156,us-east,widget-pro,widgets,4,35996
99,2026-02-23,1049,ap-south,widget-basic,widgets,5,10990
100,2026-03-05,1037,ap-south,toolkit-deluxe,tools,2,39998
101,2026-04-25,1199,us-east,toolkit-deluxe,tools,1,23998
102,2026-01-23,1118,us-west,gadget-pro,gadgets,5,77990
103,2026-04-28,1116,us-west,widget-basic,widgets,1,2398
104,2026-03-27,1152,ap-south,widget-pro,widgets,5,49995
105,2026-03-20,1109,ap-south,gadget-mini,gadgets,5,8990
106,2026-04-25,1115,ap-south,toolkit,tools,4,17996
107,2026-04-18,1196,us-west,gadget-mini,gadgets,3,4944
108,2026-03-22,1112,ap-south,toolkit,tools,3,13497
109,2026-01-31,1081,eu-west,widget-basic,widgets,3,5997
110,2026-01-18,1098,us-east,toolkit,tools,2,8998
111,2026-04-01,1106,us-west,toolkit-deluxe,tools,1,17999
112,2026-03-11,1015,eu-west,gadget-pro,gadgets,4,51996
113,2026-02-19,1178,ap-south,widget-pro,widgets,5,59990
114,2026-03-03,1076,ap-south,widget-basic,widgets,3,4797
115,2026-03-10,1154,ap-south,gadget-pro,gadgets,5,71490
116,2026-01-29,1124,ap-south,widget-pro,widgets,4,39996
117,2026-02-13,1185,ap-south,widget-basic,widgets,4,8792
118,2026-04-28,1136,ap-south,widget-pro,widgets,5,44995
119,2026-03-17,1021,ap-south,widget-basic,widgets,1,1999
120,2026-01-18,1046,ap-south,toolkit-deluxe,tools,4,95992
121,2026-02-18,1116,eu-west,widget-basic,widgets,2,3998
122,2026-04-08,1192,eu-west,gadget-mini,gadgets,3,4497
123,2026-04-17,1004,eu-west,gadget-pro,gadgets,4,41596
124,2026-02-14,1199,us-east,toolkit-deluxe,tools,1,17999
125,2026-04-07,1051,us-east,toolkit-deluxe,tools,2,31998
126,2026-01-31,1171,us-west,widget-basic,widgets,4,7196
127,2026-03-01,1196,us-west,widget-basic,widgets,3,6594
128,2026-03-19,1199,us-west,gadget-mini,gadgets,1,1499
129,2026-01-14,1079,eu-west,widget-pro,widgets,1,9999
130,2026-02-20,1019,ap-south,toolkit,tools,2,10996
131,2026-01-14,1175,us-west,toolkit,tools,3,16494
132,2026-04-12,1088,us-east,toolkit,tools,1,4999
133,2026-03-26,1129,ap-south,toolkit,tools,1,4999
134,2026-01-02,1125,eu-west,toolkit-deluxe,tools,4,95992
135,2026-02-16,1181,ap-south,widget-basic,widgets,4,8792
136,2026-01-23,1166,ap-south,widget-pro,widgets,5,54990
137,2026-03-01,1068,ap-south,gadget-mini,gadgets,5,7495
138,2026-04-17,1115,us-west,gadget-mini,gadgets,3,3597
139,2026-03-14,1086,ap-south,widget-pro,widgets,4,39996
140,2026-04-19,1124,ap-south,widget-basic,widgets,2,3998
141,2026-04-13,1071,eu-west,widget-pro,widgets,3,29997
142,2026-03-13,1048,eu-west,toolkit,tools,5,19995
143,2026-04-03,1142,us-west,widget-basic,widgets,4,7996
144,2026-03-24,1114,ap-south,widget-pro,widgets,4,43992
145,2026-02-07,1177,us-east,widget-basic,widgets,4,7196
146,2026-03-26,1121,eu-west,widget-pro,widgets,3,29997
147,2026-02-24,1084,eu-west,toolkit,tools,5,27490
148,2026-02-04,1059,ap-south,gadget-mini,gadgets,3,4497
149,2026-02-10,1195,us-west,widget-basic,widgets,5,7995
150,2026-01-25,1070,us-west,toolkit-deluxe,tools,4,71996
151,2026-01-13,1075,eu-west,toolkit-deluxe,tools,2,47996
152,2026-01-23,1181,eu-west,widget-pro,widgets,1,9999
153,2026-02-05,1141,us-west,toolkit,tools,1,3999
154,2026-03-23,1026,us-west,gadget-mini,gadgets,4,7192
155,2026-03-02,1087,eu-west,widget-basic,widgets,4,7996
156,2026-02-02,1029,us-east,widget-pro,widgets,4,47992
157,2026-03-04,1161,ap-south,widget-basic,widgets,5,7995
158,2026-01-20,1077,us-east,toolkit-deluxe,tools,5,89995
159,2026-01-16,1155,us-west,widget-basic,widgets,4,7996
160,2026-04-10,1115,us-west,toolkit,tools,4,19996
161,2026-04-21,1078,eu-west,gadget-pro,gadgets,4,51996
162,2026-03-20,1195,us-east,toolkit,tools,1,5498
163,2026-02-03,1040,us-west,widget-pro,widgets,1,10998
164,2026-03-12,1000,us-west,widget-pro,widgets,2,15998
165,2026-03-30,1074,ap-south,gadget-pro,gadgets,4,51996
166,2026-02-06,1179,us-west,widget-basic,widgets,3,6594
167,2026-03-29,1160,us-east,gadget-pro,gadgets,3,35097
168,2026-02-24,1057,us-west,toolkit,tools,5,19995
169,2026-04-27,1018,us-west,toolkit-deluxe,tools,2,39998
170,2026-04-12,1191,us-west,widget-basic,widgets,5,9995
171,2026-02-26,1176,eu-west,toolkit,tools,4,15996
172,2026-02-04,1126,ap-south,gadget-mini,gadgets,5,7495
173,2026-03-18,1188,us-east,gadget-pro,gadgets,4,41596
174,2026-01-04,1172,eu-west,gadget-mini,gadgets,2,2398
175,2026-04-08,1147,us-east,toolkit,tools,3,16494
176,2026-03-02,1071,us-west,widget-basic,widgets,4,7996
177,2026-03-23,1023,ap-south,widget-pro,widgets,4,47992
178,2026-02-22,1171,eu-west,gadget-pro,gadgets,3,38997
179,2026-02-12,1073,us-west,widget-basic,widgets,4,7996
180,2026-04-15,1009,ap-south,toolkit-deluxe,tools,5,119990
181,2026-02-10,1029,us-east,gadget-pro,gadgets,3,38997
182,2026-03-26,1118,us-east,gadget-pro,gadgets,5,77990
183,2026-01-25,1159,us-east,gadget-pro,gadgets,3,38997
184,2026-04-08,1068,ap-south,gadget-pro,gadgets,2,20798
185,2026-04-29,1178,us-west,toolkit,tools,4,19996
186,2026-01-04,1061,us-east,gadget-pro,gadgets,5,71490
187,2026-02-09,1141,us-west,toolkit-deluxe,tools,1,19999
188,2026-01-29,1118,us-east,gadget-pro,gadgets,1,15598
189,2026-03-05,1130,us-west,widget-basic,widgets,3,6594
190,2026-02-23,1120,eu-west,toolkit-deluxe,tools,4,95992
191,2026-03-12,1048,ap-south,widget-pro,widgets,4,35996
192,2026-04-21,1197,us-west,toolkit,tools,3,11997
193,2026-04-30,1068,eu-west,gadget-pro,gadgets,5,77990
194,2026-04-03,1148,eu-west,widget-basic,widgets,5,9995
195,2026-04-21,1137,ap-south,toolkit-deluxe,tools,4,71996
196,2026-02-12,1096,eu-west,gadget-pro,gadgets,5,64995
197,2026-04-22,1146,eu-west,gadget-pro,gadgets,2,23398
198,2026-04-20,1011,us-west,gadget-pro,gadgets,4,62392
199,2026-04-01,1098,ap-south,gadget-mini,gadgets,4,7192
200,2026-03-05,1128,us-west,toolkit-deluxe,tools,2,31998
201,2026-04-22,1025,eu-west,toolkit,tools,4,15996
202,2026-01-02,1104,ap-south,toolkit,tools,2,10996
203,2026-01-10,1086,us-west,toolkit-deluxe,tools,3,59997
204,2026-03-25,1172,ap-south,toolkit,tools,3,11997
205,2026-02-10,1138,ap-south,toolkit,tools,4,21992
206,2026-01-31,1058,us-east,widget-basic,widgets,3,6594
207,2026-02-25,1113,us-east,toolkit-deluxe,tools,1,15999
208,2026-04-26,1083,eu-west,widget-pro,widgets,1,7999
209,2026-02-15,1037,eu-west,widget-basic,widgets,4,7996
210,2026-03-14,1043,ap-south,widget-pro,widgets,2,21996
211,2026-03-20,1158,us-east,widget-pro,widgets,4,47992
212,2026-03-05,1059,us-west,toolkit-deluxe,tools,2,39998
213,2026-02-28,1119,eu-west,gadget-pro,gadgets,1,12999
214,2026-01-10,1150,us-west,gadget-mini,gadgets,3,4497
215,2026-03-30,1077,ap-south,gadget-mini,gadgets,4,5996
216,2026-04-20,1060,ap-south,widget-pro,widgets,1,9999
217,2026-03-15,1005,eu-west,gadget-pro,gadgets,3,38997
218,2026-02-05,1175,ap-south,toolkit-deluxe,tools,5,79995
219,2026-04-27,1073,us-east,toolkit-deluxe,tools,4,79996
220,2026-01-29,1158,eu-west,widget-pro,widgets,2,21996
221,2026-03-22,1079,us-west,gadget-mini,gadgets,1,1199
222,2026-03-16,1023,us-east,gadget-pro,gadgets,2,25998
223,2026-04-06,1051,eu-west,gadget-mini,gadgets,2,2998
224,2026-03-09,1042,eu-west,widget-pro,widgets,3,29997
225,2026-04-14,1029,ap-south,gadget-mini,gadgets,3,4497
226,2026-01-19,1173,us-east,gadget-pro,gadgets,2,31196
227,2026-04-19,1093,ap-south,toolkit-deluxe,tools,5,119990
228,2026-01-02,1031,ap-south,widget-basic,widgets,5,9995
229,2026-03-28,1149,eu-west,gadget-pro,gadgets,3,42894
230,2026-01-14,1120,eu-west,gadget-pro,gadgets,2,28596
231,2026-04-28,1165,eu-west,widget-basic,widgets,2,3998
232,2026-04-27,1166,ap-south,widget-basic,widgets,3,6594
233,2026-01-18,1077,us-east,gadget-pro,gadgets,1,10399
234,2026-01-13,1034,us-east,gadget-pro,gadgets,5,58495
235,2026-02-17,1107,ap-south,gadget-pro,gadgets,5,71490
236,2026-04-24,1125,us-west,toolkit,tools,1,4999
237,2026-02-05,1055,ap-south,toolkit,tools,3,11997
238,2026-01-31,1025,ap-south,gadget-pro,gadgets,3,46794
239,2026-03-11,1015,eu-west,toolkit-deluxe,tools,3,65994
240,2026-01-25,1023,eu-west,gadget-pro,gadgets,4,41596
241,2026-03-24,1005,us-west,toolkit-deluxe,tools,5,109990
242,2026-02-01,1052,eu-west,widget-basic,widgets,5,8995
243,2026-03-17,1084,us-west,widget-basic,widgets,2,3598
244,2026-02-05,1033,us-east,widget-pro,widgets,2,23996
245,2026-04-13,1169,eu-west,toolkit,tools,1,4499
246,2026-01-02,1150,us-west,widget-basic,widgets,2,3998
247,2026-01-23,1032,us-east,gadget-mini,gadgets,1,1499
248,2026-03-09,1121,ap-south,toolkit-deluxe,tools,1,15999
249,2026-03-07,1115,eu-west,gadget-pro,gadgets,1,12999
250,2026-03-20,1077,us-west,toolkit,tools,5,19995
251,2026-01-08,1109,us-east,gadget-pro,gadgets,4,51996
252,2026-03-04,1018,us-east,toolkit-deluxe,tools,4,87992
253,2026-03-19,1032,eu-west,widget-basic,widgets,1,1799
254,2026-02-18,1075,eu-west,gadget-mini,gadgets,5,7495
255,2026-01-13,1167,ap-south,gadget-pro,gadgets,1,15598
256,2026-02-25,1105,us-west,toolkit-deluxe,tools,2,39998
257,2026-02-21,1080,ap-south,gadget-mini,gadgets,1,1499
258,2026-03-27,1039,eu-west,gadget-pro,gadgets,3,38997
259,2026-01-09,1023,ap-south,toolkit-deluxe,tools,1,15999
260,2026-04-06,1033,us-east,gadget-pro,gadgets,3,42894
261,2026-03-17,1084,us-east,toolkit,tools,5,24995
262,2026-02-22,1184,us-east,toolkit-deluxe,tools,4,79996
263,2026-03-18,1026,eu-west,widget-basic,widgets,3,5997
264,2026-01-20,1057,us-west,toolkit,tools,4,21992
265,2026-04-19,1029,eu-west,widget-basic,widgets,3,5997
266,2026-04-14,1196,us-west,gadget-mini,gadgets,5,7495
267,2026-03-19,1007,us-east,toolkit,tools,3,16494
268,2026-03-31,1086,eu-west,widget-pro,widgets,3,35994
269,2026-01-24,1144,us-east,gadget-mini,gadgets,2,3596
270,2026-01-09,1023,ap-south,toolkit-deluxe,tools,1,17999
271,2026-02-18,1087,us-west,toolkit-deluxe,tools,4,79996
272,2026-02-09,1198,eu-west,widget-pro,widgets,3,32994
273,2026-04-24,1040,us-east,toolkit,tools,2,7998
274,2026-03-28,1113,us-east,toolkit,tools,3,11997
275,2026-03-04,1106,ap-south,toolkit-deluxe,tools,4,79996
276,2026-04-07,1088,us-west,gadget-mini,gadgets,1,1499
277,2026-02-06,1124,us-east,gadget-pro,gadgets,5,71490
278,2026-01-06,1153,eu-west,toolkit,tools,4,17996
279,2026-01-27,1196,us-east,widget-basic,widgets,2,3998
280,2026-02-07,1001,eu-west,widget-pro,widgets,1,9999
281,2026-01-23,1136,ap-south,gadget-pro,gadgets,4,46796
282,2026-03-06,1018,us-west,toolkit-deluxe,tools,3,59997
283,2026-02-25,1019,us-east,gadget-pro,gadgets,4,41596
284,2026-03-15,1074,ap-south,gadget-mini,gadgets,4,5996
285,2026-01-03,1158,ap-south,widget-basic,widgets,2,3998
286,2026-01-12,1062,eu-west,gadget-pro,gadgets,1,12999
287,2026-03-09,1079,ap-south,gadget-pro,gadgets,4,41596
288,2026-01-29,1019,eu-west,toolkit-deluxe,tools,2,39998
289,2026-03-09,1198,us-east,toolkit,tools,2,9998
290,2026-04-04,1060,eu-west,gadget-mini,gadgets,2,3596
291,2026-02-02,1154,us-west,widget-basic,widgets,2,3598
292,2026-01-23,1118,us-east,widget-pro,widgets,4,47992
293,2026-03-29,1082,ap-south,toolkit,tools,5,24995
294,2026-01-20,1120,eu-west,toolkit-deluxe,tools,1,19999
295,2026-04-12,1014,eu-west,gadget-pro,gadgets,5,64995
296,2026-02-09,1009,us-east,gadget-mini,gadgets,4,5996
297,2026-04-17,1165,eu-west,widget-basic,widgets,1,1999
298,2026-03-01,1189,ap-south,widget-basic,widgets,5,9995
299,2026-04-27,1166,ap-south,widget-basic,widgets,5,11990
300,2026-03-19,1038,eu-west,widget-pro,widgets,5,49995
301,2026-01-14,1182,ap-south,widget-basic,widgets,3,7194
302,2026-01-06,1112,us-west,widget-basic,widgets,4,7196
303,2026-02-16,1099,us-west,toolkit,tools,3,14997
304,2026-03-28,1161,eu-west,gadget-pro,gadgets,1,12999
305,2026-01-09,1142,eu-west,toolkit-deluxe,tools,1,19999
306,2026-02-06,1038,ap-south,toolkit-deluxe,tools,5,99995
307,2026-03-16,1089,us-east,gadget-mini,gadgets,2,3296
308,2026-01-17,1079,ap-south,gadget-mini,gadgets,1,1499
309,2026-03-24,1032,ap-south,toolkit,tools,3,17994
310,2026-03-24,1130,us-east,toolkit-deluxe,tools,4,87992
311,2026-02-16,1054,us-east,gadget-mini,gadgets,2,2998
312,2026-01-25,1039,ap-south,gadget-mini,gadgets,2,2698
313,2026-04-19,1129,eu-west,widget-basic,widgets,1,2398
314,2026-03-26,1033,us-east,toolkit,tools,5,24995
315,2026-01-20,1177,ap-south,toolkit,tools,2,8998
316,2026-04-03,1105,us-west,toolkit,tools,1,4999
317,2026-02-26,1192,us-west,gadget-mini,gadgets,3,4497
318,2026-01-30,1079,ap-south,toolkit-deluxe,tools,2,39998
319,2026-02-17,1112,us-west,gadget-pro,gadgets,5,71490
320,2026-04-10,1135,eu-west,gadget-pro,gadgets,5,64995
321,2026-04-15,1035,us-west,gadget-pro,gadgets,5,58495
322,2026-03-24,1141,us-east,gadget-mini,gadgets,3,4497
323,2026-02-06,1069,us-east,widget-basic,widgets,2,3198
324,2026-04-17,1056,us-west,gadget-pro,gadgets,1,12999
325,2026-04-30,1013,eu-west,gadget-pro,gadgets,4,41596
326,2026-01-31,1095,eu-west,gadget-pro,gadgets,1,12999
327,2026-02-10,1037,us-east,widget-pro,widgets,3,23997
328,2026-02-06,1178,us-east,widget-pro,widgets,4,47992
329,2026-02-27,1020,ap-south,widget-pro,widgets,1,9999
330,2026-01-28,1140,eu-west,widget-basic,widgets,2,4796
331,2026-01-15,1060,ap-south,toolkit-deluxe,tools,3,71994
332,2026-01-07,1163,us-east,gadget-mini,gadgets,4,5396
333,2026-01-09,1152,ap-south,toolkit,tools,4,15996
334,2026-03-22,1061,us-east,toolkit,tools,5,24995
335,2026-02-07,1157,us-west,toolkit-deluxe,tools,1,19999
336,2026-03-15,1170,us-west,gadget-mini,gadgets,2,2998
337,2026-03-09,1134,us-east,toolkit-deluxe,tools,1,19999
338,2026-02-19,1011,us-east,toolkit,tools,4,23992
339,2026-02-17,1091,ap-south,toolkit-deluxe,tools,1,19999
340,2026-01-31,1197,eu-west,widget-basic,widgets,1,2198
341,2026-01-18,1139,eu-west,toolkit,tools,3,11997
342,2026-04-17,1178,us-west,gadget-mini,gadgets,4,7192
343,2026-04-14,1183,us-west,gadget-pro,gadgets,1,11699
344,2026-02-07,1051,us-east,gadget-pro,gadgets,1,11699
345,2026-04-30,1101,eu-west,widget-basic,widgets,5,9995
346,2026-02-02,1073,ap-south,toolkit,tools,2,7998
347,2026-04-21,1069,us-east,gadget-mini,gadgets,3,4944
348,2026-02-25,1098,eu-west,widget-basic,widgets,4,7996
349,2026-03-05,1094,us-west,gadget-mini,gadgets,4,6592
350,2026-04-13,1020,eu-west,toolkit,tools,4,15996
351,2026-03-11,1026,us-west,gadget-pro,gadgets,3,38997
352,2026-03-26,1114,eu-west,widget-basic,widgets,3,5997
353,2026-01-22,1089,ap-south,toolkit,tools,4,21992
354,2026-04-04,1157,us-east,gadget-pro,gadgets,3,46794
355,2026-03-23,1019,eu-west,gadget-pro,gadgets,1,15598
356,2026-02-16,1007,ap-south,toolkit-deluxe,tools,2,39998
357,2026-01-05,1060,ap-south,widget-pro,widgets,1,8999
358,2026-02-16,1008,eu-west,toolkit-deluxe,tools,5,99995
359,2026-03-28,1095,us-west,toolkit,tools,3,14997
360,2026-03-15,1093,us-east,gadget-pro,gadgets,5,58495
361,2026-03-25,1029,eu-west,gadget-pro,gadgets,2,25998
362,2026-03-05,1143,us-west,widget-basic,widgets,4,7996
363,2026-04-10,1054,eu-west,widget-basic,widgets,4,7996
364,2026-03-30,1031,eu-west,toolkit,tools,2,9998
365,2026-02-27,1022,us-east,widget-pro,widgets,4,35996
366,2026-03-27,1140,eu-west,toolkit-deluxe,tools,1,19999
367,2026-04-25,1182,eu-west,toolkit,tools,2,9998
368,2026-04-12,1057,us-west,toolkit-deluxe,tools,5,99995
369,2026-04-12,1126,us-west,widget-basic,widgets,2,3598
370,2026-03-12,1119,eu-west,widget-basic,widgets,3,5997
371,2026-03-20,1079,us-west,toolkit,tools,1,3999
372,2026-03-09,1147,ap-south,gadget-pro,gadgets,4,51996
373,2026-02-10,1115,us-west,widget-basic,widgets,1,2198
374,2026-01-17,1163,eu-west,gadget-pro,gadgets,5,77990
375,2026-04-09,1128,us-west,toolkit,tools,4,17996
376,2026-03-08,1042,us-east,widget-basic,widgets,3,5397
377,2026-04-30,1088,eu-west,widget-pro,widgets,2,21996
378,2026-04-19,1050,eu-west,toolkit,tools,3,11997
379,2026-01-17,1157,eu-west,toolkit-deluxe,tools,3,65994
380,2026-03-06,1151,us-east,toolkit,tools,2,10996
381,2026-01-22,1184,us-west,toolkit,tools,5,27490
382,2026-04-18,1007,eu-west,toolkit,tools,1,4999
383,2026-03-24,1067,us-east,widget-basic,widgets,5,11990
384,2026-04-09,1158,us-west,toolkit-deluxe,tools,4,79996
385,2026-03-05,1074,us-east,toolkit-deluxe,tools,5,109990
386,2026-03-03,1076,eu-west,toolkit-deluxe,tools,4,71996
387,2026-03-30,1112,us-east,gadget-pro,gadgets,2,20798
388,2026-03-01,1155,ap-south,gadget-pro,gadgets,3,35097
389,2026-04-21,1187,eu-west,widget-pro,widgets,3,32994
390,2026-01-17,1131,ap-south,gadget-mini,gadgets,3,5394
391,2026-02-10,1031,us-east,toolkit,tools,4,17996
392,2026-02-01,1012,ap-south,gadget-mini,gadgets,1,1349
393,2026-04-21,1063,ap-south,gadget-mini,gadgets,4,5996
394,2026-04-30,1048,eu-west,widget-pro,widgets,3,29997
395,2026-03-07,1078,ap-south,widget-pro,widgets,4,39996
396,2026-01-12,1117,us-east,gadget-pro,gadgets,5,64995
397,2026-03-16,1012,us-west,widget-pro,widgets,1,9999
398,2026-03-18,1073,ap-south,gadget-mini,gadgets,4,7192
399,2026-04-19,1034,us-east,toolkit,tools,4,15996
400,2026-04-08,1011,eu-west,gadget-mini,gadgets,3,4497
401,2026-03-14,1092,us-east,gadget-pro,gadgets,2,25998
402,2026-01-10,1115,eu-west,toolkit,tools,5,24995
403,2026-04-16,1030,eu-west,toolkit,tools,5,24995
404,2026-02-20,1142,us-east,widget-pro,widgets,3,29997
405,2026-01-26,1102,us-west,gadget-mini,gadgets,5,7495
406,2026-01-06,1182,us-east,toolkit,tools,2,7998
407,2026-03-08,1155,ap-south,gadget-mini,gadgets,2,2998
408,2026-02-11,1041,us-west,toolkit,tools,3,14997
409,2026-03-17,1130,eu-west,gadget-pro,gadgets,5,64995
410,2026-04-01,1121,ap-south,toolkit,tools,3,14997
411,2026-02-12,1106,eu-west,widget-basic,widgets,1,2198
412,2026-04-12,1152,eu-west,toolkit,tools,1,5498
413,2026-03-25,1147,eu-west,gadget-pro,gadgets,5,77990
414,2026-03-16,1134,us-east,widget-pro,widgets,2,19998
415,2026-01-19,1008,ap-south,toolkit-deluxe,tools,2,47996
416,2026-01-25,1080,us-east,toolkit,tools,4,15996
417,2026-02-22,1105,us-west,gadget-pro,gadgets,2,28596
418,2026-04-22,1180,ap-south,toolkit,tools,1,5998
419,2026-03-13,1134,us-west,widget-pro,widgets,4,39996
420,2026-01-23,1087,eu-west,gadget-pro,gadgets,5,64995
421,2026-03-28,1156,eu-west,toolkit,tools,3,17994
422,2026-02-01,1076,us-west,gadget-pro,gadgets,5,64995
423,2026-04-09,1176,eu-west,widget-pro,widgets,2,19998
424,2026-02-10,1143,ap-south,toolkit-deluxe,tools,3,59997
425,2026-02-06,1173,eu-west,toolkit-deluxe,tools,5,79995
426,2026-04-25,1197,ap-south,toolkit,tools,3,14997
427,2026-01-06,1088,eu-west,widget-pro,widgets,1,9999
428,2026-04-06,1051,eu-west,gadget-pro,gadgets,2,25998
429,2026-04-30,1035,eu-west,toolkit,tools,3,14997
430,2026-02-01,1057,us-west,widget-basic,widgets,5,7995
431,2026-01-07,1084,us-west,toolkit-deluxe,tools,4,63996
432,2026-01-13,1001,ap-south,toolkit-deluxe,tools,2,43996
433,2026-02-22,1122,us-west,toolkit,tools,4,21992
434,2026-04-07,1073,us-west,toolkit-deluxe,tools,3,59997
435,2026-04-27,1166,us-east,toolkit-deluxe,tools,1,23998
436,2026-03-10,1044,us-west,toolkit,tools,1,5498
437,2026-04-30,1126,us-west,gadget-pro,gadgets,4,41596
438,2026-04-23,1076,eu-west,widget-pro,widgets,1,7999
439,2026-04-29,1116,us-east,toolkit,tools,3,14997
440,2026-04-24,1119,ap-south,toolkit-deluxe,tools,5,89995
441,2026-04-14,1041,us-west,gadget-mini,gadgets,3,3597
442,2026-03-24,1003,ap-south,toolkit-deluxe,tools,2,39998
443,2026-04-12,1172,eu-west,toolkit-deluxe,tools,5,99995
444,2026-03-20,1109,us-west,widget-pro,widgets,4,47992
445,2026-01-12,1047,eu-west,toolkit,tools,1,4999
446,2026-02-11,1066,ap-south,widget-pro,widgets,1,8999
447,2026-02-27,1084,us-west,gadget-pro,gadgets,3,46794
448,2026-02-03,1177,us-east,gadget-mini,gadgets,3,4944
449,2026-03-27,1078,us-east,widget-pro,widgets,4,31996
450,2026-03-29,1176,ap-south,widget-pro,widgets,3,29997
451,2026-02-17,1056,eu-west,widget-basic,widgets,2,3998
452,2026-01-20,1095,ap-south,widget-pro,widgets,5,49995
453,2026-04-07,1195,ap-south,gadget-pro,gadgets,2,25998
454,2026-03-09,1180,us-east,widget-pro,widgets,5,49995
455,2026-04-28,1015,us-east,gadget-mini,gadgets,1,1499
456,2026-03-15,1042,us-west,toolkit,tools,2,9998
457,2026-01-15,1183,ap-south,gadget-mini,gadgets,2,3296
458,2026-01-12,1014,ap-south,toolkit,tools,4,19996
459,2026-03-07,1144,us-west,gadget-pro,gadgets,4,51996
460,2026-03-28,1185,ap-south,widget-basic,widgets,3,7194
461,2026-02-02,1190,ap-south,widget-basic,widgets,1,2398
462,2026-01-06,1179,us-east,widget-pro,widgets,3,29997
463,2026-04-30,1008,us-east,widget-basic,widgets,4,6396
464,2026-01-24,1196,ap-south,gadget-mini,gadgets,2,3596
465,2026-02-17,1096,ap-south,toolkit-deluxe,tools,4,79996
466,2026-03-29,1034,us-east,gadget-pro,gadgets,5,71490
467,2026-01-16,1100,eu-west,toolkit-deluxe,tools,5,89995
468,2026-04-04,1193,us-west,toolkit,tools,1,4499
469,2026-03-01,1108,eu-west,widget-basic,widgets,5,10990
470,2026-04-16,1117,ap-south,toolkit,tools,2,8998
471,2026-02-05,1008,us-west,gadget-mini,gadgets,1,1349
472,2026-03-20,1061,ap-south,toolkit-deluxe,tools,1,23998
473,2026-01-13,1114,us-east,widget-pro,widgets,1,9999
474,2026-02-01,1102,us-east,toolkit,tools,1,5498
475,2026-03-11,1035,us-west,gadget-pro,gadgets,1,11699
476,2026-01-30,1081,eu-west,toolkit,tools,5,29990
477,2026-01-31,1169,eu-west,toolkit,tools,2,9998
478,2026-02-22,1015,us-west,toolkit,tools,3,14997
479,2026-03-22,1142,us-west,toolkit,tools,4,21992
480,2026-02-14,1134,us-east,gadget-pro,gadgets,4,57192
481,2026-02-22,1096,ap-south,gadget-mini,gadgets,3,4047
482,2026-01-31,1076,ap-south,widget-pro,widgets,2,23996
483,2026-04-14,1143,us-west,toolkit-deluxe,tools,1,19999
484,2026-03-13,1099,ap-south,gadget-pro,gadgets,2,25998
485,2026-01-27,1115,eu-west,widget-pro,widgets,1,9999
486,2026-03-10,1013,us-east,gadget-mini,gadgets,2,3296
487,2026-03-28,1010,ap-south,gadget-mini,gadgets,5,7495
488,2026-04-13,1185,us-west,widget-basic,widgets,5,11990
489,2026-03-03,1077,us-west,toolkit-deluxe,tools,3,53997
490,2026-04-30,1191,us-west,widget-basic,widgets,1,1799
491,2026-03-31,1101,us-west,gadget-pro,gadgets,2,25998
492,2026-04-10,1119,eu-west,widget-pro,widgets,4,39996
493,2026-02-09,1131,eu-west,toolkit,tools,3,14997
494,2026-01-13,1194,ap-south,gadget-pro,gadgets,4,62392
495,2026-02-17,1011,us-west,gadget-mini,gadgets,4,5996
496,2026-04-05,1066,us-west,toolkit,tools,1,4499
497,2026-02-07,1084,ap-south,toolkit,tools,2,8998
498,2026-03-14,1127,ap-south,widget-pro,widgets,2,23996
499,2026-02-02,1185,eu-west,toolkit,tools,4,23992
500,2026-02-28,1043,ap-south,toolkit-deluxe,tools,3,53997
501,2026-01-24,1134,ap-south,widget-pro,widgets,1,9999
502,2026-04-15,1195,us-east,widget-basic,widgets,1,2198
503,2026-01-18,1017,ap-south,widget-basic,widgets,2,4796
504,2026-01-02,1116,us-west,toolkit-deluxe,tools,5,89995
505,2026-03-21,1123,us-east,gadget-mini,gadgets,5,8240
506,2026-01-03,1141,ap-south,toolkit-deluxe,tools,5,79995
507,2026-01-03,1137,us-east,gadget-pro,gadgets,3,38997
508,2026-03-06,1045,us-east,gadget-mini,gadgets,4,7192
509,2026-03-09,1049,us-east,widget-basic,widgets,2,3598
510,2026-04-15,1101,eu-west,toolkit,tools,3,14997
511,2026-02-21,1062,eu-west,widget-basic,widgets,5,9995
512,2026-02-08,1167,us-west,toolkit-deluxe,tools,1,21998
513,2026-01-12,1096,us-east,toolkit-deluxe,tools,4,79996
514,2026-01-08,1179,ap-south,toolkit,tools,1,5498
515,2026-03-05,1165,us-east,widget-pro,widgets,4,47992
516,2026-04-25,1058,us-east,gadget-mini,gadgets,1,1499
517,2026-02-04,1175,ap-south,widget-pro,widgets,1,7999
518,2026-01-23,1004,us-east,gadget-mini,gadgets,3,5394
519,2026-04-07,1019,us-west,widget-pro,widgets,4,47992
520,2026-03-14,1099,us-west,gadget-mini,gadgets,5,6745
521,2026-02-19,1176,eu-west,toolkit-deluxe,tools,2,47996
522,2026-03-06,1013,us-east,toolkit-deluxe,tools,3,65994
523,2026-01-30,1087,ap-south,widget-basic,widgets,1,2398
524,2026-04-10,1162,ap-south,toolkit,tools,1,4999
525,2026-03-04,1141,ap-south,gadget-mini,gadgets,3,4047
526,2026-01-24,1169,ap-south,gadget-pro,gadgets,5,71490
527,2026-04-09,1063,us-east,gadget-pro,gadgets,3,38997
528,2026-01-11,1097,us-east,toolkit-deluxe,tools,2,39998
529,2026-04-05,1092,us-west,toolkit-deluxe,tools,3,59997
530,2026-01-01,1092,us-east,widget-basic,widgets,4,7996
531,2026-01-17,1110,us-east,gadget-mini,gadgets,2,2398
532,2026-01-14,1090,ap-south,gadget-pro,gadgets,1,10399
533,2026-03-18,1098,us-east,toolkit,tools,3,14997
534,2026-02-22,1185,eu-west,widget-basic,widgets,1,1999
535,2026-03-15,1175,us-west,toolkit,tools,2,9998
536,2026-01-18,1068,us-west,gadget-pro,gadgets,3,38997
537,2026-01-09,1070,us-west,gadget-pro,gadgets,4,46796
538,2026-03-03,1092,eu-west,gadget-pro,gadgets,1,15598
539,2026-04-03,1152,us-west,gadget-mini,gadgets,4,6592
540,2026-02-28,1077,us-west,toolkit,tools,2,7998
541,2026-02-12,1097,ap-south,widget-basic,widgets,5,11990
542,2026-02-12,1034,ap-south,gadget-mini,gadgets,5,7495
543,2026-03-19,1122,eu-west,gadget-mini,gadgets,2,3296
544,2026-02-20,1188,us-west,gadget-mini,gadgets,3,4497
545,2026-03-15,1083,ap-south,toolkit-deluxe,tools,2,47996
546,2026-04-15,1093,eu-west,gadget-pro,gadgets,4,62392
547,2026-03-17,1174,us-west,widget-basic,widgets,2,3998
548,2026-04-04,1112,us-east,toolkit,tools,2,9998
549,2026-04-15,1172,us-east,gadget-mini,gadgets,4,7192
550,2026-03-23,1064,us-west,gadget-pro,gadgets,2,25998
551,2026-04-02,1018,us-west,toolkit-deluxe,tools,4,79996
552,2026-03-16,1129,ap-south,gadget-pro,gadgets,5,64995
553,2026-03-11,1179,ap-south,toolkit-deluxe,tools,3,47997
554,2026-01-14,1168,us-east,toolkit,tools,2,11996
555,2026-01-22,1011,eu-west,toolkit-deluxe,tools,5,109990
556,2026-04-07,1027,ap-south,toolkit,tools,4,19996
557,2026-02-03,1191,us-east,widget-basic,widgets,5,8995
558,2026-02-27,1118,us-west,toolkit,tools,4,19996
559,2026-02-14,1026,us-west,toolkit-deluxe,tools,4,63996
560,2026-04-28,1186,ap-south,gadget-mini,gadgets,1,1199
561,2026-02-09,1052,eu-west,widget-pro,widgets,4,39996
562,2026-02-14,1112,ap-south,toolkit,tools,1,4999
563,2026-02-10,1011,ap-south,toolkit-deluxe,tools,3,47997
564,2026-01-03,1165,us-east,toolkit-deluxe,tools,3,71994
565,2026-04-30,1132,us-west,widget-basic,widgets,2,4396
566,2026-02-12,1118,us-west,widget-pro,widgets,4,39996
567,2026-03-22,1163,ap-south,widget-pro,widgets,2,17998
568,2026-02-20,1050,ap-south,toolkit-deluxe,tools,5,79995
569,2026-02-19,1052,ap-south,gadget-pro,gadgets,2,20798
570,2026-03-15,1047,us-east,gadget-mini,gadgets,5,5995
571,2026-01-26,1067,eu-west,gadget-mini,gadgets,1,1499
572,2026-03-09,1152,ap-south,toolkit-deluxe,tools,3,65994
573,2026-03-17,1090,ap-south,gadget-pro,gadgets,3,31197
574,2026-04-15,1157,us-west,gadget-pro,gadgets,3,42894
575,2026-03-28,1030,us-east,toolkit,tools,3,13497
576,2026-01-15,1177,eu-west,widget-pro,widgets,3,26997
577,2026-02-23,1147,ap-south,widget-pro,widgets,2,19998
578,2026-01-24,1177,ap-south,gadget-pro,gadgets,5,64995
579,2026-03-13,1073,us-west,toolkit-deluxe,tools,4,71996
580,2026-02-10,1158,us-west,widget-pro,widgets,4,47992
581,2026-01-02,1049,eu-west,widget-basic,widgets,2,3998
582,2026-02-22,1106,ap-south,gadget-pro,gadgets,4,57192
583,2026-03-04,1144,ap-south,toolkit-deluxe,tools,1,17999
584,2026-02-07,1057,us-west,widget-basic,widgets,3,4797
585,2026-01-22,1144,eu-west,toolkit,tools,4,23992
586,2026-03-12,1146,ap-south,toolkit-deluxe,tools,1,19999
587,2026-04-10,1138,eu-west,widget-basic,widgets,3,5997
588,2026-03-11,1026,ap-south,widget-basic,widgets,4,7196
589,2026-02-08,1115,us-west,toolkit-deluxe,tools,1,23998
590,2026-04-21,1112,eu-west,gadget-mini,gadgets,1,1798
591,2026-01-27,1176,us-west,widget-basic,widgets,5,11990
592,2026-01-22,1052,ap-south,gadget-mini,gadgets,2,2998
593,2026-03-14,1071,us-east,widget-pro,widgets,5,49995
594,2026-02-11,1074,us-west,toolkit,tools,3,16494
595,2026-04-20,1034,eu-west,toolkit,tools,1,4999
596,2026-02-05,1179,us-east,gadget-pro,gadgets,2,31196
597,2026-01-19,1063,us-west,widget-pro,widgets,3,32994
598,2026-03-04,1161,ap-south,toolkit-deluxe,tools,5,89995
599,2026-02-18,1162,ap-south,gadget-mini,gadgets,1,1499
600,2026-03-07,1177,ap-south,widget-basic,widgets,3,6594
601,2026-03-04,1000,ap-south,gadget-mini,gadgets,5,7495
602,2026-04-04,1016,us-east,toolkit-deluxe,tools,3,59997
603,2026-01-28,1126,ap-south,toolkit,tools,2,9998
604,2026-04-17,1140,eu-west,gadget-mini,gadgets,3,4497
605,2026-03-14,1087,us-west,toolkit,tools,4,23992
606,2026-01-06,1004,us-east,toolkit-deluxe,tools,4,63996
607,2026-02-26,1109,us-west,widget-basic,widgets,1,1999
608,2026-04-23,1040,us-west,widget-pro,widgets,3,32994
609,2026-03-25,1021,us-east,gadget-mini,gadgets,3,4497
610,2026-01-07,1185,us-west,gadget-mini,gadgets,3,4497
611,2026-02-24,1180,us-west,toolkit-deluxe,tools,1,21998
612,2026-01-28,1033,us-east,widget-basic,widgets,1,1999
613,2026-03-08,1002,us-west,toolkit,tools,4,21992
614,2026-04-15,1177,eu-west,widget-basic,widgets,4,6396
615,2026-01-10,1022,ap-south,widget-pro,widgets,4,35996
616,2026-01-14,1076,us-east,toolkit-deluxe,tools,3,59997
617,2026-04-10,1164,ap-south,widget-pro,widgets,2,23996
618,2026-01-09,1002,us-west,toolkit-deluxe,tools,5,99995
619,2026-02-26,1160,us-west,toolkit,tools,2,9998
620,2026-04-28,1175,us-west,toolkit-deluxe,tools,5,99995
621,2026-01-12,1192,us-west,gadget-pro,gadgets,2,20798
622,2026-02-14,1035,ap-south,widget-basic,widgets,3,5997
623,2026-03-24,1141,eu-west,widget-pro,widgets,2,15998
624,2026-04-10,1168,eu-west,toolkit,tools,1,5498
625,2026-03-08,1048,us-west,gadget-mini,gadgets,5,7495
626,2026-02-07,1061,ap-south,toolkit-deluxe,tools,1,21998
627,2026-01-15,1163,ap-south,gadget-pro,gadgets,4,46796
628,2026-03-09,1081,us-east,toolkit,tools,3,11997
629,2026-04-21,1107,ap-south,widget-pro,widgets,5,59990
630,2026-04-08,1004,us-west,gadget-mini,gadgets,1,1499
631,2026-01-02,1010,us-east,toolkit,tools,2,9998
632,2026-03-06,1196,ap-south,widget-basic,widgets,5,9995
633,2026-03-31,1163,ap-south,gadget-pro,gadgets,1,12999
634,2026-02-05,1020,us-west,toolkit,tools,3,11997
635,2026-04-14,1083,us-west,toolkit,tools,5,22495
636,2026-02-09,1186,us-east,gadget-pro,gadgets,4,57192
637,2026-02-01,1029,us-east,widget-pro,widgets,4,31996
638,2026-02-09,1030,us-east,gadget-pro,gadgets,2,28596
639,2026-03-31,1127,us-west,widget-basic,widgets,2,3198
640,2026-01-22,1191,eu-west,gadget-mini,gadgets,2,2998
641,2026-04-09,1109,us-east,gadget-mini,gadgets,3,3597
642,2026-02-03,1160,us-east,gadget-mini,gadgets,5,8240
643,2026-02-28,1014,ap-south,widget-basic,widgets,3,5997
644,2026-02-17,1197,us-west,gadget-pro,gadgets,3,35097
645,2026-01-30,1000,us-east,widget-basic,widgets,5,10990
646,2026-02-01,1093,us-east,widget-basic,widgets,4,6396
647,2026-01-23,1141,us-west,gadget-pro,gadgets,1,15598
648,2026-01-29,1106,ap-south,toolkit-deluxe,tools,2,39998
649,2026-02-04,1146,eu-west,toolkit-deluxe,tools,1,23998
650,2026-03-06,1045,us-east,gadget-mini,gadgets,1,1648
651,2026-02-21,1072,us-east,widget-pro,widgets,4,31996
652,2026-01-12,1002,eu-west,gadget-mini,gadgets,4,5996
653,2026-02-07,1189,us-west,gadget-mini,gadgets,3,4497
654,2026-03-01,1126,us-west,toolkit,tools,5,24995
655,2026-01-20,1006,us-west,widget-pro,widgets,4,31996
656,2026-03-23,1085,eu-west,widget-pro,widgets,1,11998
657,2026-04-19,1026,ap-south,widget-basic,widgets,3,6594
658,2026-02-23,1036,us-west,widget-pro,widgets,1,9999
659,2026-01-12,1133,eu-west,toolkit-deluxe,tools,2,31998
660,2026-02-28,1148,eu-west,gadget-pro,gadgets,1,14298
661,2026-03-23,1019,us-west,widget-basic,widgets,4,9592
662,2026-02-25,1060,us-east,toolkit,tools,2,10996
663,2026-04-19,1179,eu-west,gadget-mini,gadgets,4,5996
664,2026-02-10,1059,eu-west,toolkit-deluxe,tools,3,59997
665,2026-01-18,1027,us-west,widget-basic,widgets,5,11990
666,2026-01-22,1080,us-east,widget-pro,widgets,4,39996
667,2026-03-10,1115,us-east,gadget-pro,gadgets,2,25998
668,2026-02-03,1023,ap-south,gadget-mini,gadgets,1,1798
669,2026-04-16,1010,eu-west,widget-pro,widgets,5,54990
670,2026-01-19,1091,eu-west,widget-pro,widgets,2,15998
671,2026-03-28,1044,us-east,gadget-pro,gadgets,3,38997
672,2026-04-20,1191,ap-south,widget-basic,widgets,5,9995
673,2026-01-13,1035,us-west,toolkit,tools,1,4999
674,2026-01-08,1033,us-east,widget-basic,widgets,2,4796
675,2026-02-17,1149,ap-south,widget-pro,widgets,1,10998
676,2026-04-28,1005,eu-west,toolkit,tools,1,5998
677,2026-04-26,1032,us-west,widget-basic,widgets,4,8792
678,2026-01-16,1012,eu-west,widget-basic,widgets,4,6396
679,2026-04-16,1127,ap-south,widget-pro,widgets,4,43992
680,2026-03-29,1090,ap-south,widget-basic,widgets,2,3998
681,2026-02-05,1038,us-west,widget-pro,widgets,4,39996
682,2026-03-24,1105,us-west,widget-basic,widgets,4,7996
683,2026-01-08,1098,ap-south,toolkit,tools,3,11997
684,2026-01-26,1063,ap-south,widget-pro,widgets,5,54990
685,2026-02-18,1122,us-east,toolkit-deluxe,tools,3,71994
686,2026-02-14,1082,ap-south,toolkit,tools,5,24995
687,2026-01-24,1152,eu-west,gadget-pro,gadgets,3,31197
688,2026-04-25,1014,us-east,widget-pro,widgets,3,35994
689,2026-04-09,1040,eu-west,gadget-pro,gadgets,2,25998
690,2026-03-26,1136,us-west,widget-basic,widgets,3,5397
691,2026-04-08,1099,us-east,toolkit-deluxe,tools,5,89995
692,2026-01-23,1081,us-west,gadget-mini,gadgets,5,6745
693,2026-04-27,1180,eu-west,toolkit-deluxe,tools,1,19999
694,2026-03-14,1144,eu-west,toolkit-deluxe,tools,2,39998
695,2026-03-11,1125,ap-south,widget-pro,widgets,2,19998
696,2026-01-08,1056,us-east,widget-basic,widgets,5,8995
697,2026-01-01,1051,ap-south,widget-basic,widgets,5,9995
698,2026-04-02,1015,eu-west,widget-pro,widgets,3,26997
699,2026-03-17,1198,us-west,widget-basic,widgets,2,4396
700,2026-01-10,1150,eu-west,widget-basic,widgets,4,7996
701,2026-02-08,1040,eu-west,widget-basic,widgets,2,3998
702,2026-04-12,1166,ap-south,toolkit-deluxe,tools,4,87992
703,2026-04-01,1091,us-west,gadget-mini,gadgets,5,7495
704,2026-02-18,1032,us-west,widget-pro,widgets,3,29997
705,2026-03-31,1197,us-east,widget-pro,widgets,4,39996
706,2026-01-24,1156,us-east,toolkit,tools,3,14997
707,2026-04-30,1084,us-east,widget-pro,widgets,2,19998
708,2026-01-31,1042,us-east,toolkit-deluxe,tools,3,59997
709,2026-04-16,1114,us-east,toolkit-deluxe,tools,3,65994
710,2026-01-27,1089,eu-west,widget-basic,widgets,1,1799
711,2026-04-03,1098,us-east,gadget-mini,gadgets,1,1199
712,2026-01-22,1096,ap-south,gadget-pro,gadgets,4,51996
713,2026-01-13,1147,ap-south,gadget-mini,gadgets,4,7192
714,2026-01-21,1008,us-west,toolkit-deluxe,tools,1,19999
715,2026-02-10,1018,us-east,gadget-mini,gadgets,1,1499
716,2026-04-24,1187,us-west,gadget-mini,gadgets,2,2998
717,2026-02-13,1123,us-east,widget-basic,widgets,5,9995
718,2026-02-25,1155,us-east,toolkit-deluxe,tools,2,43996
719,2026-01-07,1052,us-west,gadget-pro,gadgets,3,31197
720,2026-03-31,1067,ap-south,widget-pro,widgets,5,49995
721,2026-02-08,1012,eu-west,toolkit-deluxe,tools,1,17999
722,2026-01-20,1000,ap-south,gadget-pro,gadgets,3,31197
723,2026-02-07,1122,us-east,gadget-pro,gadgets,5,77990
724,2026-01-04,1163,us-east,widget-pro,widgets,2,17998
725,2026-03-02,1078,us-east,gadget-mini,gadgets,1,1798
726,2026-03-04,1023,ap-south,gadget-pro,gadgets,3,42894
727,2026-01-24,1094,ap-south,toolkit-deluxe,tools,4,79996
728,2026-01-06,1119,ap-south,widget-pro,widgets,4,39996
729,2026-04-18,1015,us-west,gadget-mini,gadgets,5,7495
730,2026-01-11,1138,us-east,widget-pro,widgets,3,32994
731,2026-03-12,1133,us-west,gadget-pro,gadgets,4,41596
732,2026-03-15,1076,ap-south,gadget-pro,gadgets,4,46796
733,2026-04-26,1128,ap-south,widget-basic,widgets,1,2398
734,2026-01-16,1044,us-west,toolkit,tools,4,23992
735,2026-04-14,1010,us-west,widget-pro,widgets,2,17998
736,2026-03-29,1160,us-east,gadget-pro,gadgets,2,25998
737,2026-02-10,1022,eu-west,widget-pro,widgets,1,10998
738,2026-03-12,1133,ap-south,gadget-pro,gadgets,3,38997
739,2026-04-11,1150,us-east,gadget-pro,gadgets,5,71490
740,2026-01-15,1037,ap-south,toolkit,tools,2,9998
741,2026-04-29,1199,us-east,toolkit,tools,5,19995
742,2026-04-22,1105,eu-west,widget-basic,widgets,3,5997
743,2026-03-25,1155,ap-south,gadget-mini,gadgets,5,7495
744,2026-01-23,1036,us-east,gadget-pro,gadgets,4,51996
745,2026-01-05,1176,ap-south,toolkit,tools,3,14997
746,2026-04-06,1095,us-east,widget-pro,widgets,3,29997
747,2026-04-15,1079,eu-west,widget-basic,widgets,3,7194
748,2026-04-20,1058,ap-south,gadget-mini,gadgets,1,1648
749,2026-04-06,1068,eu-west,widget-pro,widgets,3,29997
750,2026-03-19,1048,ap-south,toolkit-deluxe,tools,1,21998
751,2026-04-27,1189,us-west,gadget-pro,gadgets,4,62392
752,2026-04-16,1040,eu-west,gadget-pro,gadgets,5,51995
753,2026-04-01,1034,eu-west,widget-basic,widgets,4,7996
754,2026-01-23,1014,us-east,toolkit,tools,2,8998
755,2026-02-28,1180,us-east,widget-pro,widgets,3,23997
756,2026-02-17,1129,eu-west,widget-pro,widgets,4,47992
757,2026-03-29,1095,us-east,gadget-pro,gadgets,2,20798
758,2026-01-23,1150,ap-south,gadget-pro,gadgets,4,62392
759,2026-02-14,1191,eu-west,toolkit,tools,3,13497
760,2026-02-06,1012,us-east,toolkit-deluxe,tools,4,63996
761,2026-04-20,1173,us-west,widget-pro,widgets,2,17998
762,2026-03-25,1005,eu-west,widget-pro,widgets,5,49995
763,2026-03-02,1153,us-east,toolkit-deluxe,tools,2,35998
764,2026-02-02,1182,us-west,widget-basic,widgets,3,5997
765,2026-02-24,1117,eu-west,toolkit-deluxe,tools,3,59997
766,2026-03-01,1159,us-west,gadget-mini,gadgets,5,7495
767,2026-01-01,1143,us-east,gadget-pro,gadgets,3,38997
768,2026-02-08,1123,eu-west,toolkit-deluxe,tools,1,21998
769,2026-02-05,1070,eu-west,widget-basic,widgets,3,6594
770,2026-01-25,1195,eu-west,gadget-mini,gadgets,5,6745
771,2026-04-14,1103,us-east,widget-pro,widgets,5,59990
772,2026-03-29,1167,eu-west,toolkit-deluxe,tools,1,17999
773,2026-02-03,1099,eu-west,gadget-pro,gadgets,4,51996
774,2026-03-16,1048,us-east,toolkit-deluxe,tools,5,109990
775,2026-03-29,1171,us-west,gadget-mini,gadgets,4,5996
776,2026-04-19,1046,eu-west,gadget-mini,gadgets,5,6745
777,2026-03-02,1185,us-east,gadget-mini,gadgets,3,4047
778,2026-03-29,1056,us-west,toolkit,tools,1,4999
779,2026-04-06,1107,us-west,gadget-mini,gadgets,3,5394
780,2026-02-03,1118,eu-west,gadget-mini,gadgets,3,4497
781,2026-01-07,1148,ap-south,widget-basic,widgets,5,11990
782,2026-03-02,1030,us-east,toolkit,tools,5,22495
783,2026-03-09,1013,ap-south,toolkit-deluxe,tools,4,79996
784,2026-01-26,1145,us-west,widget-pro,widgets,4,39996
785,2026-02-10,1199,us-west,gadget-pro,gadgets,2,31196
786,2026-02-12,1080,ap-south,widget-basic,widgets,2,4396
787,2026-01-01,1053,us-east,toolkit-deluxe,tools,3,59997
788,2026-03-04,1033,us-west,widget-pro,widgets,1,11998
789,2026-03-23,1109,ap-south,toolkit,tools,4,19996
790,2026-01-01,1051,ap-south,gadget-pro,gadgets,5,51995
791,2026-01-02,1048,eu-west,toolkit-deluxe,tools,5,99995
792,2026-03-22,1057,us-east,widget-basic,widgets,2,4396
793,2026-02-09,1098,eu-west,toolkit-deluxe,tools,1,17999
794,2026-01-22,1076,eu-west,toolkit,tools,1,3999
795,2026-04-04,1134,ap-south,gadget-mini,gadgets,5,7495
796,2026-04-24,1087,ap-south,gadget-mini,gadgets,2,3296
797,2026-04-07,1103,eu-west,gadget-pro,gadgets,2,23398
798,2026-01-29,1054,us-west,widget-basic,widgets,2,4396
799,2026-03-17,1031,us-east,toolkit-deluxe,tools,2,39998
800,2026-02-18,1197,us-east,gadget-mini,gadgets,3,4944
801,2026-03-18,1167,us-east,toolkit,tools,1,3999
802,2026-03-30,1113,us-east,widget-basic,widgets,4,6396
803,2026-03-12,1179,us-east,gadget-pro,gadgets,4,51996
804,2026-03-30,1077,us-west,widget-pro,widgets,1,10998
805,2026-03-26,1159,us-east,gadget-pro,gadgets,3,38997
806,2026-02-23,1130,us-west,toolkit,tools,1,5998
807,2026-02-06,1127,us-east,toolkit-deluxe,tools,1,15999
808,2026-04-10,1051,us-west,widget-pro,widgets,5,49995
809,2026-02-07,1140,ap-south,gadget-mini,gadgets,1,1349
810,2026-03-30,1060,us-west,gadget-pro,gadgets,3,38997
811,2026-03-27,1146,us-east,widget-basic,widgets,1,1599
812,2026-01-20,1019,ap-south,toolkit-deluxe,tools,5,79995
813,2026-04-26,1116,us-east,toolkit-deluxe,tools,2,39998
814,2026-03-01,1044,eu-west,gadget-mini,gadgets,1,1199
815,2026-02-16,1109,eu-west,widget-basic,widgets,3,7194
816,2026-01-13,1002,us-east,toolkit-deluxe,tools,1,23998
817,2026-02-12,1159,us-west,widget-pro,widgets,4,39996
818,2026-02-17,1046,us-east,gadget-mini,gadgets,3,5394
819,2026-02-21,1098,ap-south,widget-basic,widgets,3,5997
820,2026-04-13,1028,ap-south,toolkit-deluxe,tools,2,39998
821,2026-04-19,1106,us-east,widget-pro,widgets,1,8999
822,2026-04-13,1046,ap-south,toolkit,tools,4,19996
823,2026-04-10,1007,ap-south,toolkit,tools,5,24995
824,2026-03-03,1105,us-west,toolkit-deluxe,tools,1,19999
825,2026-01-09,1003,us-east,gadget-pro,gadgets,3,38997
826,2026-03-27,1132,us-west,toolkit-deluxe,tools,3,71994
827,2026-02-25,1123,us-east,toolkit,tools,2,10996
828,2026-01-20,1156,ap-south,gadget-mini,gadgets,5,8990
829,2026-03-24,1120,us-east,widget-basic,widgets,5,8995
830,2026-01-10,1082,us-west,gadget-pro,gadgets,4,62392
831,2026-02-05,1057,eu-west,widget-pro,widgets,5,39995
832,2026-02-21,1020,ap-south,toolkit,tools,2,11996
833,2026-04-13,1022,ap-south,gadget-pro,gadgets,4,51996
834,2026-02-10,1190,ap-south,gadget-pro,gadgets,4,41596
835,2026-01-14,1009,us-east,toolkit-deluxe,tools,4,79996
836,2026-04-16,1158,us-east,toolkit,tools,5,19995
837,2026-04-24,1052,eu-west,toolkit-deluxe,tools,5,99995
838,2026-02-13,1057,ap-south,toolkit-deluxe,tools,1,19999
839,2026-03-13,1153,eu-west,gadget-pro,gadgets,5,77990
840,2026-04-02,1024,eu-west,gadget-pro,gadgets,1,12999
841,2026-01-01,1162,us-west,toolkit-deluxe,tools,3,59997
842,2026-03-31,1042,eu-west,gadget-mini,gadgets,1,1199
843,2026-04-16,1027,us-west,gadget-pro,gadgets,4,57192
844,2026-01-25,1055,us-west,gadget-mini,gadgets,4,4796
845,2026-04-02,1193,us-west,gadget-pro,gadgets,1,12999
846,2026-04-29,1031,us-east,gadget-pro,gadgets,5,71490
847,2026-03-26,1034,ap-south,gadget-pro,gadgets,5,64995
848,2026-03-09,1141,us-east,gadget-pro,gadgets,1,14298
849,2026-04-29,1177,ap-south,gadget-pro,gadgets,2,25998
850,2026-04-04,1026,us-west,toolkit,tools,2,11996
851,2026-03-06,1155,eu-west,gadget-pro,gadgets,4,51996
852,2026-02-05,1075,us-west,toolkit-deluxe,tools,3,59997
853,2026-01-18,1179,us-west,gadget-pro,gadgets,5,64995
854,2026-04-18,1080,eu-west,toolkit-deluxe,tools,5,109990
855,2026-01-26,1182,us-west,toolkit-deluxe,tools,5,89995
856,2026-04-28,1181,eu-west,gadget-mini,gadgets,2,3296
857,2026-03-06,1181,us-west,toolkit-deluxe,tools,3,59997
858,2026-03-13,1146,eu-west,widget-basic,widgets,5,9995
859,2026-03-28,1073,ap-south,toolkit-deluxe,tools,5,109990
860,2026-03-08,1097,us-east,gadget-pro,gadgets,1,10399
861,2026-03-27,1068,us-east,widget-pro,widgets,2,15998
862,2026-03-29,1015,eu-west,widget-pro,widgets,2,19998
863,2026-01-27,1008,eu-west,toolkit-deluxe,tools,5,119990
864,2026-01-14,1057,ap-south,gadget-mini,gadgets,5,7495
865,2026-01-31,1177,ap-south,toolkit-deluxe,tools,3,59997
866,2026-04-29,1106,us-east,toolkit-deluxe,tools,4,79996
867,2026-03-12,1190,eu-west,toolkit-deluxe,tools,1,15999
868,2026-03-21,1057,us-west,gadget-mini,gadgets,4,7192
869,2026-04-07,1189,eu-west,toolkit-deluxe,tools,5,99995
870,2026-04-10,1075,us-west,toolkit,tools,2,10996
871,2026-03-29,1044,us-west,gadget-pro,gadgets,2,20798
872,2026-02-18,1071,us-east,toolkit-deluxe,tools,4,63996
873,2026-01-17,1065,eu-west,toolkit,tools,5,22495
874,2026-03-01,1010,eu-west,widget-basic,widgets,2,4396
875,2026-03-18,1169,eu-west,widget-pro,widgets,5,39995
876,2026-04-12,1091,ap-south,gadget-mini,gadgets,5,7495
877,2026-03-09,1133,eu-west,widget-basic,widgets,2,3598
878,2026-02-23,1103,us-west,widget-basic,widgets,5,9995
879,2026-01-29,1084,eu-west,widget-basic,widgets,3,5397
880,2026-01-28,1135,eu-west,gadget-mini,gadgets,5,8990
881,2026-01-15,1114,us-east,gadget-pro,gadgets,3,42894
882,2026-01-06,1097,us-west,widget-pro,widgets,3,32994
883,2026-02-02,1006,ap-south,widget-basic,widgets,3,5997
884,2026-03-07,1114,eu-west,toolkit,tools,5,29990
885,2026-02-07,1082,us-east,gadget-pro,gadgets,2,28596
886,2026-01-13,1136,us-east,toolkit,tools,5,22495
887,2026-01-27,1175,us-east,widget-basic,widgets,2,4396
888,2026-01-27,1165,us-east,gadget-pro,gadgets,4,51996
889,2026-01-04,1009,us-west,widget-basic,widgets,3,5997
890,2026-01-07,1142,us-east,widget-basic,widgets,3,5397
891,2026-04-27,1099,us-west,widget-basic,widgets,4,7996
892,2026-02-25,1099,ap-south,gadget-pro,gadgets,1,12999
893,2026-03-10,1016,us-east,toolkit-deluxe,tools,5,79995
894,2026-03-31,1091,us-east,toolkit-deluxe,tools,1,23998
895,2026-02-07,1155,us-east,toolkit,tools,3,17994
896,2026-04-08,1101,eu-west,widget-basic,widgets,4,7996
897,2026-03-02,1056,us-east,toolkit-deluxe,tools,5,89995
898,2026-04-12,1075,ap-south,widget-pro,widgets,5,59990
899,2026-02-08,1002,us-west,toolkit-deluxe,tools,3,65994
900,2026-01-16,1146,us-west,toolkit,tools,1,3999
901,2026-03-10,1078,ap-south,toolkit,tools,1,4999
902,2026-01-28,1036,eu-west,widget-pro,widgets,5,49995
903,2026-01-29,1049,us-west,widget-pro,widgets,3,29997
904,2026-03-27,1013,us-west,widget-basic,widgets,5,11990
905,2026-03-24,1074,ap-south,toolkit,tools,1,4999
906,2026-02-02,1185,us-east,toolkit-deluxe,tools,2,31998
907,2026-02-12,1171,ap-south,toolkit,tools,2,9998
908,2026-01-13,1017,us-west,toolkit-deluxe,tools,5,99995
909,2026-03-04,1157,eu-west,widget-pro,widgets,3,29997
910,2026-03-30,1144,eu-west,toolkit-deluxe,tools,2,39998
911,2026-04-14,1043,eu-west,toolkit,tools,4,19996
912,2026-02-01,1182,eu-west,widget-basic,widgets,2,4796
913,2026-02-05,1034,ap-south,toolkit-deluxe,tools,3,71994
914,2026-04-23,1114,eu-west,toolkit-deluxe,tools,4,79996
915,2026-03-04,1044,eu-west,gadget-mini,gadgets,1,1499
916,2026-04-18,1137,us-east,toolkit-deluxe,tools,2,39998
917,2026-04-04,1186,eu-west,widget-pro,widgets,1,10998
918,2026-04-19,1148,us-east,widget-basic,widgets,1,1999
919,2026-04-09,1009,ap-south,toolkit,tools,2,9998
920,2026-03-11,1167,eu-west,toolkit,tools,4,19996
921,2026-02-20,1187,eu-west,widget-pro,widgets,5,44995
922,2026-03-01,1023,us-west,gadget-mini,gadgets,5,7495
923,2026-03-06,1157,eu-west,gadget-pro,gadgets,2,20798
924,2026-04-07,1114,us-west,toolkit-deluxe,tools,2,39998
925,2026-03-14,1188,us-west,widget-pro,widgets,2,19998
926,2026-02-15,1194,ap-south,toolkit-deluxe,tools,2,31998
927,2026-01-09,1059,us-west,gadget-pro,gadgets,3,38997
928,2026-03-08,1099,us-west,widget-basic,widgets,3,7194
929,2026-04-23,1166,ap-south,gadget-pro,gadgets,1,10399
930,2026-04-01,1189,us-east,gadget-mini,gadgets,3,4497
931,2026-02-18,1093,us-west,gadget-mini,gadgets,4,6592
932,2026-03-08,1057,us-east,toolkit,tools,4,19996
933,2026-02-15,1124,ap-south,toolkit,tools,3,17994
934,2026-03-06,1042,us-east,gadget-pro,gadgets,4,46796
935,2026-03-07,1054,us-east,widget-pro,widgets,3,32994
936,2026-01-21,1183,us-west,widget-pro,widgets,5,49995
937,2026-02-23,1184,us-west,widget-basic,widgets,3,7194
938,2026-03-28,1053,ap-south,widget-basic,widgets,4,7996
939,2026-03-24,1005,us-west,toolkit,tools,4,23992
940,2026-01-17,1041,us-east,widget-pro,widgets,5,49995
941,2026-04-25,1014,us-east,widget-pro,widgets,2,19998
942,2026-04-29,1103,eu-west,widget-pro,widgets,5,44995
943,2026-04-23,1021,us-east,toolkit,tools,3,16494
944,2026-03-19,1043,ap-south,widget-pro,widgets,4,39996
945,2026-03-18,1196,ap-south,widget-pro,widgets,5,44995
946,2026-01-22,1116,eu-west,widget-pro,widgets,3,32994
947,2026-01-30,1033,us-east,toolkit,tools,4,19996
948,2026-01-26,1175,us-east,widget-basic,widgets,5,9995
949,2026-03-19,1121,us-west,gadget-pro,gadgets,2,20798
950,2026-04-23,1128,us-east,toolkit,tools,5,29990
951,2026-03-03,1154,us-east,widget-basic,widgets,2,4396
952,2026-04-25,1133,us-east,toolkit,tools,4,23992
953,2026-04-22,1109,eu-west,gadget-pro,gadgets,5,51995
954,2026-04-12,1089,ap-south,widget-pro,widgets,4,47992
955,2026-02-24,1122,us-east,toolkit,tools,3,13497
956,2026-02-06,1104,us-east,widget-pro,widgets,5,49995
957,2026-01-01,1147,us-west,gadget-mini,gadgets,1,1648
958,2026-03-08,1167,us-east,toolkit,tools,4,15996
959,2026-02-22,1039,eu-west,widget-pro,widgets,1,9999
960,2026-02-03,1108,eu-west,gadget-pro,gadgets,5,77990
961,2026-03-20,1193,eu-west,toolkit,tools,4,19996
962,2026-03-12,1123,ap-south,widget-pro,widgets,5,59990
963,2026-03-13,1064,eu-west,widget-pro,widgets,4,39996
964,2026-04-10,1188,eu-west,gadget-mini,gadgets,4,6592
965,2026-04-06,1179,us-east,widget-pro,widgets,4,35996
966,2026-01-28,1086,us-east,widget-pro,widgets,4,39996
967,2026-01-21,1023,us-east,toolkit,tools,1,4999
968,2026-04-29,1022,ap-south,widget-pro,widgets,4,39996
969,2026-01-29,1155,eu-west,widget-basic,widgets,1,1999
970,2026-04-30,1167,ap-south,widget-basic,widgets,5,9995
971,2026-04-02,1198,eu-west,toolkit,tools,1,4999
972,2026-02-26,1168,ap-south,widget-pro,widgets,2,15998
973,2026-01-25,1130,eu-west,toolkit,tools,5,19995
974,2026-03-20,1092,us-west,toolkit,tools,1,4499
975,2026-01-21,1199,us-east,widget-pro,widgets,3,23997
976,2026-03-27,1150,eu-west,gadget-pro,gadgets,4,51996
977,2026-04-05,1023,us-east,widget-pro,widgets,1,10998
978,2026-04-03,1149,eu-west,toolkit,tools,5,29990
979,2026-04-15,1155,eu-west,gadget-mini,gadgets,2,2998
980,2026-04-30,1001,ap-south,widget-pro,widgets,5,49995
981,2026-02-22,1143,us-west,gadget-mini,gadgets,1,1499
982,2026-02-13,1065,eu-west,widget-basic,widgets,5,7995
983,2026-03-30,1144,eu-west,toolkit,tools,4,19996
984,2026-04-07,1174,us-west,gadget-pro,gadgets,4,51996
985,2026-03-03,1017,us-east,gadget-pro,gadgets,3,31197
986,2026-03-28,1080,us-west,gadget-pro,gadgets,2,28596
987,2026-03-08,1179,eu-west,gadget-pro,gadgets,1,12999
988,2026-02-06,1172,us-west,gadget-mini,gadgets,4,4796
989,2026-01-10,1121,eu-west,toolkit-deluxe,tools,2,39998
990,2026-01-28,1046,eu-west,gadget-mini,gadgets,3,4497
991,2026-03-05,1060,us-west,toolkit-deluxe,tools,2,43996
992,2026-04-22,1058,us-west,toolkit-deluxe,tools,2,39998
993,2026-04-18,1039,us-west,widget-pro,widgets,3,29997
994,2026-04-28,1157,us-east,widget-basic,widgets,4,6396
995,2026-04-19,1158,us-east,widget-basic,widgets,3,5997
996,2026-04-25,1125,ap-south,gadget-mini,gadgets,3,4497
997,2026-02-20,1032,eu-west,widget-pro,widgets,5,44995
998,2026-03-03,1128,ap-south,widget-basic,widgets,1,1999
999,2026-04-21,1117,ap-south,gadget-mini,gadgets,2,3296
1000,2026-02-10,1003,ap-south,widget-basic,widgets,1,2198
99001,2026-04-30,1099,us-east,widget-basic,widgets,1,-1500
99002,2199-12-31,1099,us-east,gadget-mini,gadgets,1,1499
